Name,Link,Price
A Light in the ...,a-light-in-the-attic_1000/index.html,£51.77
Tipping the Velvet,tipping-the-velvet_999/index.html,£53.74
Soumission,soumission_998/index.html,£50.10
Sharp Objects,sharp-objects_997/index.html,£47.82
Sapiens: A Brief History ...,sapiens-a-brief-history-of-humankind_996/index.html,£54.23
The Requiem Red,the-requiem-red_995/index.html,£22.65
The Dirty Little Secrets ...,the-dirty-little-secrets-of-getting-your-dream-job_994/index.html,£33.34
The Coming Woman: A ...,the-coming-woman-a-novel-based-on-the-life-of-the-infamous-feminist-victoria-woodhull_993/index.html,£17.93
The Boys in the ...,the-boys-in-the-boat-nine-americans-and-their-epic-quest-for-gold-at-the-1936-berlin-olympics_992/index.html,£22.60
The Black Maria,the-black-maria_991/index.html,£52.15
Starving Hearts (Triangular Trade ...,starving-hearts-triangular-trade-trilogy-1_990/index.html,£13.99
Shakespeare's Sonnets,shakespeares-sonnets_989/index.html,£20.66
Set Me Free,set-me-free_988/index.html,£17.46
Scott Pilgrim's Precious Little ...,scott-pilgrims-precious-little-life-scott-pilgrim-1_987/index.html,£52.29
Rip it Up and ...,rip-it-up-and-start-again_986/index.html,£35.02
Our Band Could Be ...,our-band-could-be-your-life-scenes-from-the-american-indie-underground-1981-1991_985/index.html,£57.25
Olio,olio_984/index.html,£23.88
Mesaerion: The Best Science ...,mesaerion-the-best-science-fiction-stories-1800-1849_983/index.html,£37.59
Libertarianism for Beginners,libertarianism-for-beginners_982/index.html,£51.33
It's Only the Himalayas,its-only-the-himalayas_981/index.html,£45.17
In Her Wake,in-her-wake_980/index.html,£12.84
How Music Works,how-music-works_979/index.html,£37.32
Foolproof Preserving: A Guide ...,foolproof-preserving-a-guide-to-small-batch-jams-jellies-pickles-condiments-and-more-a-foolproof-guide-to-making-small-batch-jams-jellies-pickles-condiments-and-more_978/index.html,£30.52
Chase Me (Paris Nights ...,chase-me-paris-nights-2_977/index.html,£25.27
Black Dust,black-dust_976/index.html,£34.53
Birdsong: A Story in ...,birdsong-a-story-in-pictures_975/index.html,£54.64
America's Cradle of Quarterbacks: ...,americas-cradle-of-quarterbacks-western-pennsylvanias-football-factory-from-johnny-unitas-to-joe-montana_974/index.html,£22.50
Aladdin and His Wonderful ...,aladdin-and-his-wonderful-lamp_973/index.html,£53.13
Worlds Elsewhere: Journeys Around ...,worlds-elsewhere-journeys-around-shakespeares-globe_972/index.html,£40.30
Wall and Piece,wall-and-piece_971/index.html,£44.18
The Four Agreements: A ...,the-four-agreements-a-practical-guide-to-personal-freedom_970/index.html,£17.66
The Five Love Languages: ...,the-five-love-languages-how-to-express-heartfelt-commitment-to-your-mate_969/index.html,£31.05
The Elephant Tree,the-elephant-tree_968/index.html,£23.82
The Bear and the ...,the-bear-and-the-piano_967/index.html,£36.89
Sophie's World,sophies-world_966/index.html,£15.94
Penny Maybe,penny-maybe_965/index.html,£33.29
Maude (1883-1993):She Grew Up ...,maude-1883-1993she-grew-up-with-the-country_964/index.html,£18.02
"In a Dark, Dark ...",in-a-dark-dark-wood_963/index.html,£19.63
Behind Closed Doors,behind-closed-doors_962/index.html,£52.22
You can't bury them ...,you-cant-bury-them-all-poems_961/index.html,£33.63
Slow States of Collapse: ...,slow-states-of-collapse-poems_960/index.html,£57.31
Reasons to Stay Alive,reasons-to-stay-alive_959/index.html,£26.41
Private Paris (Private #10),private-paris-private-10_958/index.html,£47.61
#HigherSelfie: Wake Up Your ...,higherselfie-wake-up-your-life-free-your-soul-find-your-tribe_957/index.html,£23.11
Without Borders (Wanderlove #1),without-borders-wanderlove-1_956/index.html,£45.07
When We Collided,when-we-collided_955/index.html,£31.77
"We Love You, Charlie ...",we-love-you-charlie-freeman_954/index.html,£50.27
Untitled Collection: Sabbath Poems ...,untitled-collection-sabbath-poems-2014_953/index.html,£14.27
Unseen City: The Majesty ...,unseen-city-the-majesty-of-pigeons-the-discreet-charm-of-snails-other-wonders-of-the-urban-wilderness_952/index.html,£44.18
Unicorn Tracks,unicorn-tracks_951/index.html,£18.78
Unbound: How Eight Technologies ...,unbound-how-eight-technologies-made-us-human-transformed-society-and-brought-our-world-to-the-brink_950/index.html,£25.52
Tsubasa: WoRLD CHRoNiCLE 2 ...,tsubasa-world-chronicle-2-tsubasa-world-chronicle-2_949/index.html,£16.28
Throwing Rocks at the ...,throwing-rocks-at-the-google-bus-how-growth-became-the-enemy-of-prosperity_948/index.html,£31.12
This One Summer,this-one-summer_947/index.html,£19.49
Thirst,thirst_946/index.html,£17.27
The Torch Is Passed: ...,the-torch-is-passed-a-harding-family-story_945/index.html,£19.09
The Secret of Dreadwillow ...,the-secret-of-dreadwillow-carse_944/index.html,£56.13
The Pioneer Woman Cooks: ...,the-pioneer-woman-cooks-dinnertime-comfort-classics-freezer-food-16-minute-meals-and-other-delicious-ways-to-solve-supper_943/index.html,£56.41
The Past Never Ends,the-past-never-ends_942/index.html,£56.50
The Natural History of ...,the-natural-history-of-us-the-fine-art-of-pretending-2_941/index.html,£45.22
The Nameless City (The ...,the-nameless-city-the-nameless-city-1_940/index.html,£38.16
The Murder That Never ...,the-murder-that-never-was-forensic-instincts-5_939/index.html,£54.11
The Most Perfect Thing: ...,the-most-perfect-thing-inside-and-outside-a-birds-egg_938/index.html,£42.96
The Mindfulness and Acceptance ...,the-mindfulness-and-acceptance-workbook-for-anxiety-a-guide-to-breaking-free-from-anxiety-phobias-and-worry-using-acceptance-and-commitment-therapy_937/index.html,£23.89
The Life-Changing Magic of ...,the-life-changing-magic-of-tidying-up-the-japanese-art-of-decluttering-and-organizing_936/index.html,£16.77
The Inefficiency Assassin: Time ...,the-inefficiency-assassin-time-management-tactics-for-working-smarter-not-longer_935/index.html,£20.59
The Gutsy Girl: Escapades ...,the-gutsy-girl-escapades-for-your-life-of-epic-adventure_934/index.html,£37.13
The Electric Pencil: Drawings ...,the-electric-pencil-drawings-from-inside-state-hospital-no-3_933/index.html,£56.06
The Death of Humanity: ...,the-death-of-humanity-and-the-case-for-life_932/index.html,£58.11
The Bulletproof Diet: Lose ...,the-bulletproof-diet-lose-up-to-a-pound-a-day-reclaim-energy-and-focus-upgrade-your-life_931/index.html,£49.05
The Art Forger,the-art-forger_930/index.html,£40.76
The Age of Genius: ...,the-age-of-genius-the-seventeenth-century-and-the-birth-of-the-modern-mind_929/index.html,£19.73
The Activist's Tao Te ...,the-activists-tao-te-ching-ancient-advice-for-a-modern-revolution_928/index.html,£32.24
Spark Joy: An Illustrated ...,spark-joy-an-illustrated-master-class-on-the-art-of-organizing-and-tidying-up_927/index.html,£41.83
Soul Reader,soul-reader_926/index.html,£39.58
Security,security_925/index.html,£39.25
"Saga, Volume 6 (Saga ...",saga-volume-6-saga-collected-editions-6_924/index.html,£25.02
"Saga, Volume 5 (Saga ...",saga-volume-5-saga-collected-editions-5_923/index.html,£51.04
Reskilling America: Learning to ...,reskilling-america-learning-to-labor-in-the-twenty-first-century_922/index.html,£19.83
"Rat Queens, Vol. 3: ...",rat-queens-vol-3-demons-rat-queens-collected-editions-11-15_921/index.html,£50.40
"Princess Jellyfish 2-in-1 Omnibus, ...",princess-jellyfish-2-in-1-omnibus-vol-01-princess-jellyfish-2-in-1-omnibus-1_920/index.html,£13.61
Princess Between Worlds (Wide-Awake ...,princess-between-worlds-wide-awake-princess-5_919/index.html,£13.34
"Pop Gun War, Volume ...",pop-gun-war-volume-1-gift_918/index.html,£18.97
"Political Suicide: Missteps, Peccadilloes, ...",political-suicide-missteps-peccadilloes-bad-calls-backroom-hijinx-sordid-pasts-rotten-breaks-and-just-plain-dumb-mistakes-in-the-annals-of-american-politics_917/index.html,£36.28
Patience,patience_916/index.html,£10.16
"Outcast, Vol. 1: A ...",outcast-vol-1-a-darkness-surrounds-him-outcast-1_915/index.html,£15.44
orange: The Complete Collection ...,orange-the-complete-collection-1-orange-the-complete-collection-1_914/index.html,£48.41
Online Marketing for Busy ...,online-marketing-for-busy-authors-a-step-by-step-guide_913/index.html,£46.35
On a Midnight Clear,on-a-midnight-clear_912/index.html,£14.07
Obsidian (Lux #1),obsidian-lux-1_911/index.html,£14.86
My Paris Kitchen: Recipes ...,my-paris-kitchen-recipes-and-stories_910/index.html,£33.37
Masks and Shadows,masks-and-shadows_909/index.html,£56.40
Mama Tried: Traditional Italian ...,mama-tried-traditional-italian-cooking-for-the-screwed-crude-vegan-and-tattooed_908/index.html,£14.02
"Lumberjanes, Vol. 2: Friendship ...",lumberjanes-vol-2-friendship-to-the-max-lumberjanes-5-8_907/index.html,£46.91
"Lumberjanes, Vol. 1: Beware ...",lumberjanes-vol-1-beware-the-kitten-holy-lumberjanes-1-4_906/index.html,£45.61
Lumberjanes Vol. 3: A ...,lumberjanes-vol-3-a-terrible-plan-lumberjanes-9-12_905/index.html,£19.92
"Layered: Baking, Building, and ...",layered-baking-building-and-styling-spectacular-cakes_904/index.html,£40.11
Judo: Seven Steps to ...,judo-seven-steps-to-black-belt-an-introductory-guide-for-beginners_903/index.html,£53.90
Join,join_902/index.html,£35.67
In the Country We ...,in-the-country-we-love-my-family-divided_901/index.html,£22.00
Immunity: How Elie Metchnikoff ...,immunity-how-elie-metchnikoff-changed-the-course-of-modern-medicine_900/index.html,£57.36
"I Hate Fairyland, Vol. ...",i-hate-fairyland-vol-1-madly-ever-after-i-hate-fairyland-compilations-1-5_899/index.html,£29.17
I am a Hero ...,i-am-a-hero-omnibus-volume-1_898/index.html,£54.63
How to Be Miserable: ...,how-to-be-miserable-40-strategies-you-already-use_897/index.html,£46.03
Her Backup Boyfriend (The ...,her-backup-boyfriend-the-sorensen-family-1_896/index.html,£33.97
"Giant Days, Vol. 2 ...",giant-days-vol-2-giant-days-5-8_895/index.html,£22.11
Forever and Forever: The ...,forever-and-forever-the-courtship-of-henry-longfellow-and-fanny-appleton_894/index.html,£29.69
First and First (Five ...,first-and-first-five-boroughs-3_893/index.html,£15.97
Fifty Shades Darker (Fifty ...,fifty-shades-darker-fifty-shades-2_892/index.html,£21.96
Everydata: The Misinformation Hidden ...,everydata-the-misinformation-hidden-in-the-little-data-you-consume-every-day_891/index.html,£54.35
Don't Be a Jerk: ...,dont-be-a-jerk-and-other-practical-advice-from-dogen-japans-greatest-zen-master_890/index.html,£37.97
Danganronpa Volume 1,danganronpa-volume-1_889/index.html,£51.99
Crown of Midnight (Throne ...,crown-of-midnight-throne-of-glass-2_888/index.html,£43.29
"Codename Baboushka, Volume 1: ...",codename-baboushka-volume-1-the-conclave-of-death_887/index.html,£36.72
Camp Midnight,camp-midnight_886/index.html,£17.08
Call the Nurse: True ...,call-the-nurse-true-stories-of-a-country-nurse-on-a-scottish-isle_885/index.html,£29.14
Burning,burning_884/index.html,£28.81
Bossypants,bossypants_883/index.html,£49.46
"Bitch Planet, Vol. 1: ...",bitch-planet-vol-1-extraordinary-machine-bitch-planet-collected-editions_882/index.html,£37.92
Avatar: The Last Airbender: ...,avatar-the-last-airbender-smoke-and-shadow-part-3-smoke-and-shadow-3_881/index.html,£28.09
Algorithms to Live By: ...,algorithms-to-live-by-the-computer-science-of-human-decisions_880/index.html,£30.81
A World of Flavor: ...,a-world-of-flavor-your-gluten-free-passport_879/index.html,£42.95
"A Piece of Sky, ...",a-piece-of-sky-a-grain-of-rice-a-memoir-in-four-meditations_878/index.html,£56.76
A Murder in Time,a-murder-in-time_877/index.html,£16.64
A Flight of Arrows ...,a-flight-of-arrows-the-pathfinders-2_876/index.html,£55.53
A Fierce and Subtle ...,a-fierce-and-subtle-poison_875/index.html,£28.13
A Court of Thorns ...,a-court-of-thorns-and-roses-a-court-of-thorns-and-roses-1_874/index.html,£52.37
(Un)Qualified: How God Uses ...,unqualified-how-god-uses-broken-people-to-do-big-things_873/index.html,£54.00
You Are What You ...,you-are-what-you-love-the-spiritual-power-of-habit_872/index.html,£21.87
William Shakespeare's Star Wars: ...,william-shakespeares-star-wars-verily-a-new-hope-william-shakespeares-star-wars-4_871/index.html,£43.30
Tuesday Nights in 1980,tuesday-nights-in-1980_870/index.html,£21.04
Tracing Numbers on a ...,tracing-numbers-on-a-train_869/index.html,£41.60
Throne of Glass (Throne ...,throne-of-glass-throne-of-glass-1_868/index.html,£35.07
Thomas Jefferson and the ...,thomas-jefferson-and-the-tripoli-pirates-the-forgotten-war-that-changed-american-history_867/index.html,£59.64
Thirteen Reasons Why,thirteen-reasons-why_866/index.html,£52.72
The White Cat and ...,the-white-cat-and-the-monk-a-retelling-of-the-poem-pangur-ban_865/index.html,£58.08
The Wedding Dress,the-wedding-dress_864/index.html,£24.12
The Vacationers,the-vacationers_863/index.html,£42.15
The Third Wave: An ...,the-third-wave-an-entrepreneurs-vision-of-the-future_862/index.html,£12.61
The Stranger,the-stranger_861/index.html,£17.44
The Shadow Hero (The ...,the-shadow-hero-the-shadow-hero_860/index.html,£33.14
The Secret (The Secret ...,the-secret-the-secret-1_859/index.html,£27.37
The Regional Office Is ...,the-regional-office-is-under-attack_858/index.html,£51.36
The Psychopath Test: A ...,the-psychopath-test-a-journey-through-the-madness-industry_857/index.html,£36.00
The Project,the-project_856/index.html,£10.65
The Power of Now: ...,the-power-of-now-a-guide-to-spiritual-enlightenment_855/index.html,£43.54
The Omnivore's Dilemma: A ...,the-omnivores-dilemma-a-natural-history-of-four-meals_854/index.html,£38.21
The Nerdy Nummies Cookbook: ...,the-nerdy-nummies-cookbook-sweet-treats-for-the-geek-in-all-of-us_853/index.html,£37.34
The Murder of Roger ...,the-murder-of-roger-ackroyd-hercule-poirot-4_852/index.html,£44.10
The Mistake (Off-Campus #2),the-mistake-off-campus-2_851/index.html,£43.29
The Matchmaker's Playbook (Wingmen ...,the-matchmakers-playbook-wingmen-inc-1_850/index.html,£55.85
The Love and Lemons ...,the-love-and-lemons-cookbook-an-apple-to-zucchini-celebration-of-impromptu-cooking_849/index.html,£37.60
The Long Shadow of ...,the-long-shadow-of-small-ghosts-murder-and-memory-in-an-american-city_848/index.html,£10.97
The Kite Runner,the-kite-runner_847/index.html,£41.82
The House by the ...,the-house-by-the-lake_846/index.html,£36.95
The Glittering Court (The ...,the-glittering-court-the-glittering-court-1_845/index.html,£44.28
The Girl on the ...,the-girl-on-the-train_844/index.html,£55.02
The Genius of Birds,the-genius-of-birds_843/index.html,£17.24
The Emerald Mystery,the-emerald-mystery_842/index.html,£23.15
The Cookies & Cups ...,the-cookies-cups-cookbook-125-sweet-savory-recipes-reminding-you-to-always-eat-dessert-first_841/index.html,£41.25
The Bridge to Consciousness: ...,the-bridge-to-consciousness-im-writing-the-bridge-between-science-and-our-old-and-new-beliefs_840/index.html,£32.00
The Artist's Way: A ...,the-artists-way-a-spiritual-path-to-higher-creativity_839/index.html,£38.49
The Art of War,the-art-of-war_838/index.html,£33.34
The Argonauts,the-argonauts_837/index.html,£10.93
The 10% Entrepreneur: Live ...,the-10-entrepreneur-live-your-startup-dream-without-quitting-your-day-job_836/index.html,£27.55
Suddenly in Love (Lake ...,suddenly-in-love-lake-haven-1_835/index.html,£55.99
Something More Than This,something-more-than-this_834/index.html,£16.24
Soft Apocalypse,soft-apocalypse_833/index.html,£26.12
So You've Been Publicly ...,so-youve-been-publicly-shamed_832/index.html,£12.23
Shoe Dog: A Memoir ...,shoe-dog-a-memoir-by-the-creator-of-nike_831/index.html,£23.99
"Shobu Samurai, Project Aryoku ...",shobu-samurai-project-aryoku-3_830/index.html,£29.06
Secrets and Lace (Fatal ...,secrets-and-lace-fatal-hearts-1_829/index.html,£20.27
Scarlett Epstein Hates It ...,scarlett-epstein-hates-it-here_828/index.html,£43.55
Romero and Juliet: A ...,romero-and-juliet-a-tragic-tale-of-love-and-zombies_827/index.html,£36.94
Redeeming Love,redeeming-love_826/index.html,£20.47
Poses for Artists Volume ...,poses-for-artists-volume-1-dynamic-and-sitting-poses-an-essential-reference-for-figure-drawing-and-the-human-form_825/index.html,£41.06
Poems That Make Grown ...,poems-that-make-grown-women-cry_824/index.html,£14.19
"Nightingale, Sing",nightingale-sing_823/index.html,£38.28
Night Sky with Exit ...,night-sky-with-exit-wounds_822/index.html,£41.05
Mrs. Houdini,mrs-houdini_821/index.html,£30.25
Modern Romance,modern-romance_820/index.html,£28.26
Miss Peregrine’s Home for ...,miss-peregrines-home-for-peculiar-children-miss-peregrines-peculiar-children-1_819/index.html,£10.76
Louisa: The Extraordinary Life ...,louisa-the-extraordinary-life-of-mrs-adams_818/index.html,£16.85
Little Red,little-red_817/index.html,£13.47
Library of Souls (Miss ...,library-of-souls-miss-peregrines-peculiar-children-3_816/index.html,£48.56
Large Print Heart of ...,large-print-heart-of-the-pride_815/index.html,£19.15
I Had a Nice ...,i-had-a-nice-time-and-other-lies-how-to-find-love-sht-like-that_814/index.html,£57.36
Hollow City (Miss Peregrine’s ...,hollow-city-miss-peregrines-peculiar-children-2_813/index.html,£42.98
Grumbles,grumbles_812/index.html,£22.16
Full Moon over Noah’s ...,full-moon-over-noahs-ark-an-odyssey-to-mount-ararat-and-beyond_811/index.html,£49.43
Frostbite (Vampire Academy #2),frostbite-vampire-academy-2_810/index.html,£29.99
Follow You Home,follow-you-home_809/index.html,£21.36
First Steps for New ...,first-steps-for-new-christians-print-edition_808/index.html,£29.00
Finders Keepers (Bill Hodges ...,finders-keepers-bill-hodges-trilogy-2_807/index.html,£53.53
"Fables, Vol. 1: Legends ...",fables-vol-1-legends-in-exile-fables-1_806/index.html,£41.62
Eureka Trivia 6.0,eureka-trivia-60_805/index.html,£54.59
Drive: The Surprising Truth ...,drive-the-surprising-truth-about-what-motivates-us_804/index.html,£34.95
Done Rubbed Out (Reightman ...,done-rubbed-out-reightman-bailey-1_803/index.html,£37.72
Doing It Over (Most ...,doing-it-over-most-likely-to-1_802/index.html,£35.61
Deliciously Ella Every Day: ...,deliciously-ella-every-day-quick-and-easy-recipes-for-gluten-free-snacks-packed-lunches-and-simple-meals_801/index.html,£42.16
Dark Notes,dark-notes_800/index.html,£19.19
Daring Greatly: How the ...,daring-greatly-how-the-courage-to-be-vulnerable-transforms-the-way-we-live-love-parent-and-lead_799/index.html,£19.43
Close to You,close-to-you_798/index.html,£49.46
Chasing Heaven: What Dying ...,chasing-heaven-what-dying-taught-me-about-living_797/index.html,£37.80
Big Magic: Creative Living ...,big-magic-creative-living-beyond-fear_796/index.html,£30.80
Becoming Wise: An Inquiry ...,becoming-wise-an-inquiry-into-the-mystery-and-art-of-living_795/index.html,£27.43
Beauty Restored (Riley Family ...,beauty-restored-riley-family-legacy-novellas-3_794/index.html,£11.11
Batman: The Long Halloween ...,batman-the-long-halloween-batman_793/index.html,£36.50
Batman: The Dark Knight ...,batman-the-dark-knight-returns-batman_792/index.html,£15.38
Ayumi's Violin,ayumis-violin_791/index.html,£15.48
Anonymous,anonymous_790/index.html,£46.82
Amy Meets the Saints ...,amy-meets-the-saints-and-sages_789/index.html,£18.46
Amid the Chaos,amid-the-chaos_788/index.html,£36.58
Amatus,amatus_787/index.html,£50.54
Agnostic: A Spirited Manifesto,agnostic-a-spirited-manifesto_786/index.html,£12.51
Zealot: The Life and ...,zealot-the-life-and-times-of-jesus-of-nazareth_785/index.html,£24.70
You (You #1),you-you-1_784/index.html,£43.61
"Wonder Woman: Earth One, ...",wonder-woman-earth-one-volume-one-wonder-woman-earth-one-1_783/index.html,£37.34
Wild Swans,wild-swans_782/index.html,£14.36
Why the Right Went ...,why-the-right-went-wrong-conservatism-from-goldwater-to-the-tea-party-and-beyond_781/index.html,£52.65
Whole Lotta Creativity Going ...,whole-lotta-creativity-going-on-60-fun-and-unusual-exercises-to-awaken-and-strengthen-your-creativity_780/index.html,£38.20
What's It Like in ...,whats-it-like-in-space-stories-from-astronauts-whove-been-there_779/index.html,£19.60
"We Are Robin, Vol. ...",we-are-robin-vol-1-the-vigilante-business-we-are-robin-1_778/index.html,£53.90
Walt Disney's Alice in ...,walt-disneys-alice-in-wonderland_777/index.html,£12.96
V for Vendetta (V ...,v-for-vendetta-v-for-vendetta-complete_776/index.html,£37.10
Until Friday Night (The ...,until-friday-night-the-field-party-1_775/index.html,£46.31
Unbroken: A World War ...,unbroken-a-world-war-ii-story-of-survival-resilience-and-redemption_774/index.html,£45.95
Twenty Yawns,twenty-yawns_773/index.html,£22.08
Through the Woods,through-the-woods_772/index.html,£25.38
This Is Where It ...,this-is-where-it-ends_771/index.html,£27.12
The Year of Magical ...,the-year-of-magical-thinking_770/index.html,£43.04
The Wright Brothers,the-wright-brothers_769/index.html,£56.80
The White Queen (The ...,the-white-queen-the-cousins-war-1_768/index.html,£25.91
The Wedding Pact (The ...,the-wedding-pact-the-omalleys-2_767/index.html,£32.61
The Time Keeper,the-time-keeper_766/index.html,£27.88
The Testament of Mary,the-testament-of-mary_765/index.html,£52.67
The Star-Touched Queen,the-star-touched-queen_764/index.html,£46.02
The Songs of the ...,the-songs-of-the-gods_763/index.html,£44.48
The Song of Achilles,the-song-of-achilles_762/index.html,£37.40
The Rosie Project (Don ...,the-rosie-project-don-tillman-1_761/index.html,£54.04
The Power of Habit: ...,the-power-of-habit-why-we-do-what-we-do-in-life-and-business_760/index.html,£16.88
The Marriage of Opposites,the-marriage-of-opposites_759/index.html,£28.08
The Lucifer Effect: Understanding ...,the-lucifer-effect-understanding-how-good-people-turn-evil_758/index.html,£10.40
The Long Haul (Diary ...,the-long-haul-diary-of-a-wimpy-kid-9_757/index.html,£44.07
The Loney,the-loney_756/index.html,£23.40
The Literature Book (Big ...,the-literature-book-big-ideas-simply-explained_755/index.html,£17.43
The Last Mile (Amos ...,the-last-mile-amos-decker-2_754/index.html,£54.21
The Immortal Life of ...,the-immortal-life-of-henrietta-lacks_753/index.html,£40.67
The Hidden Oracle (The ...,the-hidden-oracle-the-trials-of-apollo-1_752/index.html,£52.26
The Help Yourself Cookbook ...,the-help-yourself-cookbook-for-kids-60-easy-plant-based-recipes-kids-can-make-to-stay-healthy-and-save-the-earth_751/index.html,£28.77
The Guilty (Will Robie ...,the-guilty-will-robie-4_750/index.html,£13.82
The First Hostage (J.B. ...,the-first-hostage-jb-collins-2_749/index.html,£25.85
The Dovekeepers,the-dovekeepers_748/index.html,£48.78
The Darkest Lie,the-darkest-lie_747/index.html,£35.35
The Bane Chronicles (The ...,the-bane-chronicles-the-bane-chronicles-1-11_746/index.html,£44.73
The Bad-Ass Librarians of ...,the-bad-ass-librarians-of-timbuktu-and-their-race-to-save-the-worlds-most-precious-manuscripts_745/index.html,£15.77
The 14th Colony (Cotton ...,the-14th-colony-cotton-malone-11_744/index.html,£39.24
That Darkness (Gardiner and ...,that-darkness-gardiner-and-renner-1_743/index.html,£13.92
Tastes Like Fear (DI ...,tastes-like-fear-di-marnie-rome-3_742/index.html,£10.69
Take Me with You,take-me-with-you_741/index.html,£45.21
Swell: A Year of ...,swell-a-year-of-waves_740/index.html,£45.58
Superman Vol. 1: Before ...,superman-vol-1-before-truth-superman-by-gene-luen-yang-1_739/index.html,£11.89
Still Life with Bread ...,still-life-with-bread-crumbs_738/index.html,£26.41
Steve Jobs,steve-jobs_737/index.html,£39.50
Sorting the Beef from ...,sorting-the-beef-from-the-bull-the-science-of-food-fraud-forensics_736/index.html,£44.74
Someone Like You (The ...,someone-like-you-the-harrisons-2_735/index.html,£52.79
"So Cute It Hurts!!, ...",so-cute-it-hurts-vol-6-so-cute-it-hurts-6_734/index.html,£35.43
Shtum,shtum_733/index.html,£55.84
See America: A Celebration ...,see-america-a-celebration-of-our-national-parks-treasured-sites_732/index.html,£48.87
salt.,salt_731/index.html,£46.78
Robin War,robin-war_730/index.html,£47.82
"Red Hood/Arsenal, Vol. 1: ...",red-hoodarsenal-vol-1-open-for-business-red-hoodarsenal-1_729/index.html,£25.48
Rain Fish,rain-fish_728/index.html,£23.57
Quarter Life Poetry: Poems ...,quarter-life-poetry-poems-for-the-young-broke-and-hangry_727/index.html,£50.89
Pet Sematary,pet-sematary_726/index.html,£10.56
"Overload: How to Unplug, ...",overload-how-to-unplug-unwind-and-unleash-yourself-from-the-pressure-of-stress_725/index.html,£52.15
Once Was a Time,once-was-a-time_724/index.html,£18.28
Old School (Diary of ...,old-school-diary-of-a-wimpy-kid-10_723/index.html,£11.83
No Dream Is Too ...,no-dream-is-too-high-life-lessons-from-a-man-who-walked-on-the-moon_722/index.html,£21.95
"Naruto (3-in-1 Edition), Vol. ...",naruto-3-in-1-edition-vol-14-includes-vols-40-41-42-naruto-omnibus-14_721/index.html,£38.39
My Name Is Lucy ...,my-name-is-lucy-barton_720/index.html,£41.56
My Mrs. Brown,my-mrs-brown_719/index.html,£24.48
My Kind of Crazy,my-kind-of-crazy_718/index.html,£40.36
Mr. Mercedes (Bill Hodges ...,mr-mercedes-bill-hodges-trilogy-1_717/index.html,£28.90
More Than Music (Chasing ...,more-than-music-chasing-the-dream-1_716/index.html,£37.61
Made to Stick: Why ...,made-to-stick-why-some-ideas-survive-and-others-die_715/index.html,£38.85
Luis Paints the World,luis-paints-the-world_714/index.html,£53.95
Luckiest Girl Alive,luckiest-girl-alive_713/index.html,£49.83
Lowriders to the Center ...,lowriders-to-the-center-of-the-earth-lowriders-in-space-2_712/index.html,£51.51
Love Is a Mix ...,love-is-a-mix-tape-music-1_711/index.html,£18.03
Looking for Lovely: Collecting ...,looking-for-lovely-collecting-the-moments-that-matter_710/index.html,£29.14
Living Leadership by Insight: ...,living-leadership-by-insight-a-good-leader-achieves-a-great-leader-builds-monuments_709/index.html,£46.91
Let It Out: A ...,let-it-out-a-journey-through-journaling_708/index.html,£26.79
Lady Midnight (The Dark ...,lady-midnight-the-dark-artifices-1_707/index.html,£16.28
"It's All Easy: Healthy, ...",its-all-easy-healthy-delicious-weeknight-meals-in-under-30-minutes_706/index.html,£19.55
Island of Dragons (Unwanteds ...,island-of-dragons-unwanteds-7_705/index.html,£29.65
I Know What I'm ...,i-know-what-im-doing-and-other-lies-i-tell-myself-dispatches-from-a-life-under-construction_704/index.html,£25.98
I Am Pilgrim (Pilgrim ...,i-am-pilgrim-pilgrim-1_703/index.html,£10.60
Hyperbole and a Half: ...,hyperbole-and-a-half-unfortunate-situations-flawed-coping-mechanisms-mayhem-and-other-things-that-happened_702/index.html,£14.75
"Hush, Hush (Hush, Hush ...",hush-hush-hush-hush-1_701/index.html,£47.02
Hold Your Breath (Search ...,hold-your-breath-search-and-rescue-1_700/index.html,£28.82
Hamilton: The Revolution,hamilton-the-revolution_699/index.html,£58.79
Greek Mythic History,greek-mythic-history_698/index.html,£10.23
God: The Most Unpleasant ...,god-the-most-unpleasant-character-in-all-fiction_697/index.html,£30.03
Glory over Everything: Beyond ...,glory-over-everything-beyond-the-kitchen-house_696/index.html,£45.84
Feathers: Displays of Brilliant ...,feathers-displays-of-brilliant-plumage_695/index.html,£49.05
Far & Away: Places ...,far-away-places-on-the-brink-of-change-seven-continents-twenty-five-years_694/index.html,£15.06
Every Last Word,every-last-word_693/index.html,£46.47
Eligible (The Austen Project ...,eligible-the-austen-project-4_692/index.html,£27.09
El Deafo,el-deafo_691/index.html,£57.62
Eight Hundred Grapes,eight-hundred-grapes_690/index.html,£14.39
Eaternity: More than 150 ...,eaternity-more-than-150-deliciously-easy-vegan-recipes-for-a-long-healthy-satisfied-joyful-life_689/index.html,£51.75
"Eat Fat, Get Thin",eat-fat-get-thin_688/index.html,£54.07
Don't Get Caught,dont-get-caught_687/index.html,£55.35
Doctor Sleep (The Shining ...,doctor-sleep-the-shining-2_686/index.html,£40.12
Demigods & Magicians: Percy ...,demigods-magicians-percy-and-annabeth-meet-the-kanes-percy-jackson-kane-chronicles-crossover-1-3_685/index.html,£37.51
Dear Mr. Knightley,dear-mr-knightley_684/index.html,£11.21
Daily Fantasy Sports,daily-fantasy-sports_683/index.html,£36.58
Crazy Love: Overwhelmed by ...,crazy-love-overwhelmed-by-a-relentless-god_682/index.html,£47.72
Cometh the Hour (The ...,cometh-the-hour-the-clifton-chronicles-6_681/index.html,£25.01
Code Name Verity (Code ...,code-name-verity-code-name-verity-1_680/index.html,£22.13
Clockwork Angel (The Infernal ...,clockwork-angel-the-infernal-devices-1_679/index.html,£44.14
City of Glass (The ...,city-of-glass-the-mortal-instruments-3_678/index.html,£56.02
City of Fallen Angels ...,city-of-fallen-angels-the-mortal-instruments-4_677/index.html,£11.23
City of Bones (The ...,city-of-bones-the-mortal-instruments-1_676/index.html,£43.28
City of Ashes (The ...,city-of-ashes-the-mortal-instruments-2_675/index.html,£47.27
Cell,cell_674/index.html,£20.29
Catching Jordan (Hundred Oaks),catching-jordan-hundred-oaks_673/index.html,£50.83
"Carry On, Warrior: Thoughts ...",carry-on-warrior-thoughts-on-life-unarmed_672/index.html,£31.85
Carrie,carrie_671/index.html,£46.23
Buying In: The Secret ...,buying-in-the-secret-dialogue-between-what-we-buy-and-who-we-are_670/index.html,£37.80
Brain on Fire: My ...,brain-on-fire-my-month-of-madness_669/index.html,£49.32
Batman: Europa,batman-europa_668/index.html,£32.01
Barefoot Contessa Back to ...,barefoot-contessa-back-to-basics_667/index.html,£28.01
Barefoot Contessa at Home: ...,barefoot-contessa-at-home-everyday-recipes-youll-make-over-and-over-again_666/index.html,£50.62
Balloon Animals,balloon-animals_665/index.html,£17.03
Art Ops Vol. 1,art-ops-vol-1_664/index.html,£48.80
Aristotle and Dante Discover ...,aristotle-and-dante-discover-the-secrets-of-the-universe-aristotle-and-dante-discover-the-secrets-of-the-universe-1_663/index.html,£58.14
Angels Walking (Angels Walking ...,angels-walking-angels-walking-1_662/index.html,£34.20
Angels & Demons (Robert ...,angels-demons-robert-langdon-1_661/index.html,£51.48
All the Light We ...,all-the-light-we-cannot-see_660/index.html,£29.87
Adulthood Is a Myth: ...,adulthood-is-a-myth-a-sarahs-scribbles-collection_659/index.html,£10.90
Abstract City,abstract-city_658/index.html,£56.37
A Time of Torment ...,a-time-of-torment-charlie-parker-14_657/index.html,£48.35
A Study in Scarlet ...,a-study-in-scarlet-sherlock-holmes-1_656/index.html,£16.73
A Series of Catastrophes ...,a-series-of-catastrophes-and-miracles-a-true-story-of-love-science-and-cancer_655/index.html,£56.48
A People's History of ...,a-peoples-history-of-the-united-states_654/index.html,£40.79
A Man Called Ove,a-man-called-ove_653/index.html,£39.72
A Distant Mirror: The ...,a-distant-mirror-the-calamitous-14th-century_652/index.html,£14.58
A Brush of Wings ...,a-brush-of-wings-angels-walking-3_651/index.html,£55.51
1491: New Revelations of ...,1491-new-revelations-of-the-americas-before-columbus_650/index.html,£21.80
"The Three Searches, Meaning, ...",the-three-searches-meaning-and-the-story_649/index.html,£13.33
Searching for Meaning in ...,searching-for-meaning-in-gailana_648/index.html,£38.73
Rook,rook_647/index.html,£37.86
My Kitchen Year: 136 ...,my-kitchen-year-136-recipes-that-saved-my-life_646/index.html,£11.53
13 Hours: The Inside ...,13-hours-the-inside-account-of-what-really-happened-in-benghazi_645/index.html,£27.06
Will You Won't You ...,will-you-wont-you-want-me_644/index.html,£13.86
Tipping Point for Planet ...,tipping-point-for-planet-earth-how-close-are-we-to-the-edge_643/index.html,£37.55
The Star-Touched Queen,the-star-touched-queen_642/index.html,£32.30
The Silent Sister (Riley ...,the-silent-sister-riley-macpherson-1_641/index.html,£46.29
The Midnight Watch: A ...,the-midnight-watch-a-novel-of-the-titanic-and-the-californian_640/index.html,£26.20
The Lonely City: Adventures ...,the-lonely-city-adventures-in-the-art-of-being-alone_639/index.html,£33.26
The Gray Rhino: How ...,the-gray-rhino-how-to-recognize-and-act-on-the-obvious-dangers-we-ignore_638/index.html,£59.15
The Golden Condom: And ...,the-golden-condom-and-other-essays-on-love-lost-and-found_637/index.html,£39.43
The Epidemic (The Program ...,the-epidemic-the-program-06_636/index.html,£14.44
The Dinner Party,the-dinner-party_635/index.html,£56.54
The Diary of a ...,the-diary-of-a-young-girl_634/index.html,£59.90
The Children,the-children_633/index.html,£11.88
Stars Above (The Lunar ...,stars-above-the-lunar-chronicles-45_632/index.html,£48.05
Snatched: How A Drug ...,snatched-how-a-drug-queen-went-undercover-for-the-dea-and-was-kidnapped-by-colombian-guerillas_631/index.html,£21.21
Raspberry Pi Electronics Projects ...,raspberry-pi-electronics-projects-for-the-evil-genius_630/index.html,£49.67
Quench Your Own Thirst: ...,quench-your-own-thirst-business-lessons-learned-over-a-beer-or-two_629/index.html,£43.14
Psycho: Sanitarium (Psycho #1.5),psycho-sanitarium-psycho-15_628/index.html,£36.97
Poisonous (Max Revere Novels ...,poisonous-max-revere-novels-3_627/index.html,£26.80
One with You (Crossfire ...,one-with-you-crossfire-5_626/index.html,£15.71
No Love Allowed (Dodge ...,no-love-allowed-dodge-cove-1_625/index.html,£54.65
Murder at the 42nd ...,murder-at-the-42nd-street-library-raymond-ambler-1_624/index.html,£54.36
Most Wanted,most-wanted_623/index.html,£35.28
"Love, Lies and Spies",love-lies-and-spies_622/index.html,£20.55
How to Speak Golf: ...,how-to-speak-golf-an-illustrated-guide-to-links-lingo_621/index.html,£58.32
Hide Away (Eve Duncan ...,hide-away-eve-duncan-20_620/index.html,£11.84
Furiously Happy: A Funny ...,furiously-happy-a-funny-book-about-horrible-things_619/index.html,£41.46
Everyday Italian: 125 Simple ...,everyday-italian-125-simple-and-delicious-recipes_618/index.html,£20.10
Equal Is Unfair: America's ...,equal-is-unfair-americas-misguided-fight-against-income-inequality_617/index.html,£56.86
Eleanor & Park,eleanor-park_616/index.html,£56.51
Dirty (Dive Bar #1),dirty-dive-bar-1_615/index.html,£40.83
Can You Keep a ...,can-you-keep-a-secret-fear-street-relaunch-4_614/index.html,£48.64
Boar Island (Anna Pigeon ...,boar-island-anna-pigeon-19_613/index.html,£59.48
A Paris Apartment,a-paris-apartment_612/index.html,£39.01
A la Mode: 120 ...,a-la-mode-120-recipes-in-60-pairings-pies-tarts-cakes-crisps-and-more-topped-with-ice-cream-gelato-frozen-custard-and-more_611/index.html,£38.77
Troublemaker: Surviving Hollywood and ...,troublemaker-surviving-hollywood-and-scientology_610/index.html,£48.39
The Widow,the-widow_609/index.html,£27.26
The Sleep Revolution: Transforming ...,the-sleep-revolution-transforming-your-life-one-night-at-a-time_608/index.html,£11.68
The Improbability of Love,the-improbability-of-love_607/index.html,£59.45
The Art of Startup ...,the-art-of-startup-fundraising_606/index.html,£21.00
Take Me Home Tonight ...,take-me-home-tonight-rock-star-romance-3_605/index.html,£53.98
Sleeping Giants (Themis Files ...,sleeping-giants-themis-files-1_604/index.html,£48.74
Setting the World on ...,setting-the-world-on-fire-the-brief-astonishing-life-of-st-catherine-of-siena_603/index.html,£21.15
Playing with Fire,playing-with-fire_602/index.html,£13.71
Off the Hook (Fishing ...,off-the-hook-fishing-for-trouble-1_601/index.html,£47.67
Mothering Sunday,mothering-sunday_600/index.html,£13.34
"Mother, Can You Not?",mother-can-you-not_599/index.html,£16.89
M Train,m-train_598/index.html,£27.18
Lilac Girls,lilac-girls_597/index.html,£17.28
Lies and Other Acts ...,lies-and-other-acts-of-love_596/index.html,£45.14
Lab Girl,lab-girl_595/index.html,£40.85
Keep Me Posted,keep-me-posted_594/index.html,£20.46
It Didn't Start with ...,it-didnt-start-with-you-how-inherited-family-trauma-shapes-who-we-are-and-how-to-end-the-cycle_593/index.html,£56.27
Grey (Fifty Shades #4),grey-fifty-shades-4_592/index.html,£48.49
"Exit, Pursued by a ...",exit-pursued-by-a-bear_591/index.html,£51.34
Daredevils,daredevils_590/index.html,£16.34
Cravings: Recipes for What ...,cravings-recipes-for-what-you-want-to-eat_589/index.html,£20.50
Born for This: How ...,born-for-this-how-to-find-the-work-you-were-meant-to-do_588/index.html,£21.59
Arena,arena_587/index.html,£21.36
Adultery,adultery_586/index.html,£20.88
A Mother's Reckoning: Living ...,a-mothers-reckoning-living-in-the-aftermath-of-tragedy_585/index.html,£19.53
A Gentleman's Position (Society ...,a-gentlemans-position-society-of-gentlemen-3_584/index.html,£14.75
11/22/63,112263_583/index.html,£48.48
10% Happier: How I ...,10-happier-how-i-tamed-the-voice-in-my-head-reduced-stress-without-losing-my-edge-and-found-self-help-that-actually-works_582/index.html,£24.57
10-Day Green Smoothie Cleanse: ...,10-day-green-smoothie-cleanse-lose-up-to-15-pounds-in-10-days_581/index.html,£49.71
Without Shame,without-shame_580/index.html,£48.27
Watchmen,watchmen_579/index.html,£58.05
Unlimited Intuition Now,unlimited-intuition-now_578/index.html,£58.87
Underlying Notes,underlying-notes_577/index.html,£11.82
The Shack,the-shack_576/index.html,£28.03
The New Brand You: ...,the-new-brand-you-your-new-image-makes-the-sale-for-you_575/index.html,£44.05
The Moosewood Cookbook: Recipes ...,the-moosewood-cookbook-recipes-from-moosewood-restaurant-ithaca-new-york_574/index.html,£12.34
The Flowers Lied,the-flowers-lied_573/index.html,£16.68
The Fabric of the ...,the-fabric-of-the-cosmos-space-time-and-the-texture-of-reality_572/index.html,£55.91
The Book of Mormon,the-book-of-mormon_571/index.html,£24.57
The Art and Science ...,the-art-and-science-of-low-carbohydrate-living_570/index.html,£52.98
The Alien Club,the-alien-club_569/index.html,£54.40
Suzie Snowflake: One beautiful ...,suzie-snowflake-one-beautiful-flake-a-self-esteem-story_568/index.html,£54.81
Nap-a-Roo,nap-a-roo_567/index.html,£25.08
NaNo What Now? Finding ...,nano-what-now-finding-your-editing-process-revising-your-nanowrimo-book-and-building-a-writing-career-through-publishing-and-beyond_566/index.html,£10.41
Modern Day Fables,modern-day-fables_565/index.html,£47.44
If I Gave You ...,if-i-gave-you-gods-phone-number-searching-for-spirituality-in-america_564/index.html,£20.91
"Fruits Basket, Vol. 9 ...",fruits-basket-vol-9-fruits-basket-9_563/index.html,£33.95
Dress Your Family in ...,dress-your-family-in-corduroy-and-denim_562/index.html,£43.68
Don't Forget Steven,dont-forget-steven_561/index.html,£33.23
Chernobyl 01:23:40: The Incredible ...,chernobyl-012340-the-incredible-true-story-of-the-worlds-worst-nuclear-disaster_560/index.html,£35.92
Art and Fear: Observations ...,art-and-fear-observations-on-the-perils-and-rewards-of-artmaking_559/index.html,£48.63
A Shard of Ice ...,a-shard-of-ice-the-black-symphony-saga-1_558/index.html,£56.63
A Hero's Curse (The ...,a-heros-curse-the-unseen-chronicles-1_557/index.html,£50.49
23 Degrees South: A ...,23-degrees-south-a-tropical-tale-of-changing-whether_556/index.html,£35.79
Zero to One: Notes ...,zero-to-one-notes-on-startups-or-how-to-build-the-future_555/index.html,£34.06
Why Not Me?,why-not-me_554/index.html,£17.76
When Breath Becomes Air,when-breath-becomes-air_553/index.html,£39.36
Vagabonding: An Uncommon Guide ...,vagabonding-an-uncommon-guide-to-the-art-of-long-term-world-travel_552/index.html,£36.94
The Unlikely Pilgrimage of ...,the-unlikely-pilgrimage-of-harold-fry-harold-fry-1_551/index.html,£43.62
The New Drawing on ...,the-new-drawing-on-the-right-side-of-the-brain_550/index.html,£43.02
"The Midnight Assassin: Panic, ...",the-midnight-assassin-panic-scandal-and-the-hunt-for-americas-first-serial-killer_549/index.html,£28.45
The Martian (The Martian ...,the-martian-the-martian-1_548/index.html,£41.39
The High Mountains of ...,the-high-mountains-of-portugal_547/index.html,£51.15
The Grownup,the-grownup_546/index.html,£35.88
The E-Myth Revisited: Why ...,the-e-myth-revisited-why-most-small-businesses-dont-work-and-what-to-do-about-it_545/index.html,£36.91
South of Sunshine,south-of-sunshine_544/index.html,£28.93
Smarter Faster Better: The ...,smarter-faster-better-the-secrets-of-being-productive-in-life-and-business_543/index.html,£38.89
Silence in the Dark ...,silence-in-the-dark-logan-point-4_542/index.html,£58.33
Shadows of the Past ...,shadows-of-the-past-logan-point-1_541/index.html,£39.67
Roller Girl,roller-girl_540/index.html,£14.10
Rising Strong,rising-strong_539/index.html,£21.82
Proofs of God: Classical ...,proofs-of-god-classical-arguments-from-tertullian-to-barth_538/index.html,£54.21
Please Kill Me: The ...,please-kill-me-the-uncensored-oral-history-of-punk_537/index.html,£31.19
Out of Print: City ...,out-of-print-city-lights-spotlight-no-14_536/index.html,£53.64
My Life Next Door ...,my-life-next-door-my-life-next-door_535/index.html,£36.39
Miller's Valley,millers-valley_534/index.html,£58.54
Man's Search for Meaning,mans-search-for-meaning_533/index.html,£29.48
Love That Boy: What ...,love-that-boy-what-two-presidents-eight-road-trips-and-my-son-taught-me-about-a-parents-expectations_532/index.html,£25.06
Living Forward: A Proven ...,living-forward-a-proven-plan-to-stop-drifting-and-get-the-life-you-want_531/index.html,£12.55
Les Fleurs du Mal,les-fleurs-du-mal_530/index.html,£29.04
Left Behind (Left Behind ...,left-behind-left-behind-1_529/index.html,£40.72
Kill 'Em and Leave: ...,kill-em-and-leave-searching-for-james-brown-and-the-american-soul_528/index.html,£45.05
Kierkegaard: A Christian Missionary ...,kierkegaard-a-christian-missionary-to-christians_527/index.html,£47.13
John Vassos: Industrial Design ...,john-vassos-industrial-design-for-modern-life_526/index.html,£20.22
I'll Give You the ...,ill-give-you-the-sun_525/index.html,£56.48
I Will Find You,i-will-find-you_524/index.html,£44.21
Hystopia: A Novel,hystopia-a-novel_523/index.html,£21.96
Howl and Other Poems,howl-and-other-poems_522/index.html,£40.45
History of Beauty,history-of-beauty_521/index.html,£10.29
Heaven is for Real: ...,heaven-is-for-real-a-little-boys-astounding-story-of-his-trip-to-heaven-and-back_520/index.html,£52.86
Future Shock (Future Shock ...,future-shock-future-shock-1_519/index.html,£55.65
Ender's Game (The Ender ...,enders-game-the-ender-quintet-1_518/index.html,£43.64
Diary of a Citizen ...,diary-of-a-citizen-scientist-chasing-tiger-beetles-and-other-new-ways-of-engaging-the-world_517/index.html,£28.41
Death by Leisure: A ...,death-by-leisure-a-cautionary-tale_516/index.html,£37.51
Brilliant Beacons: A History ...,brilliant-beacons-a-history-of-the-american-lighthouse_515/index.html,£11.45
Brazen: The Courage to ...,brazen-the-courage-to-find-the-you-thats-been-hiding_514/index.html,£19.22
Between the World and ...,between-the-world-and-me_513/index.html,£56.91
Being Mortal: Medicine and ...,being-mortal-medicine-and-what-matters-in-the-end_512/index.html,£55.06
A Murder Over a ...,a-murder-over-a-girl-justice-gender-junior-high_511/index.html,£13.20
32 Yolks,32-yolks_510/index.html,£53.63
"""Most Blessed of the ...",most-blessed-of-the-patriarchs-thomas-jefferson-and-the-empire-of-the-imagination_509/index.html,£44.48
You Are a Badass: ...,you-are-a-badass-how-to-stop-doubting-your-greatness-and-start-living-an-awesome-life_508/index.html,£12.08
Wildlife of New York: ...,wildlife-of-new-york-a-five-borough-coloring-book_507/index.html,£22.14
What Happened on Beale ...,what-happened-on-beale-street-secrets-of-the-south-mysteries-2_506/index.html,£25.37
Unreasonable Hope: Finding Faith ...,unreasonable-hope-finding-faith-in-the-god-who-brings-purpose-to-your-pain_505/index.html,£46.33
Under the Tuscan Sun,under-the-tuscan-sun_504/index.html,£37.33
Toddlers Are A**holes: It's ...,toddlers-are-aholes-its-not-your-fault_503/index.html,£25.55
The Year of Living ...,the-year-of-living-biblically-one-mans-humble-quest-to-follow-the-bible-as-literally-as-possible_502/index.html,£34.72
The Whale,the-whale_501/index.html,£35.96
The Story of Art,the-story-of-art_500/index.html,£41.14
The Origin of Species,the-origin-of-species_499/index.html,£10.01
The Great Gatsby,the-great-gatsby_498/index.html,£36.05
The Good Girl,the-good-girl_497/index.html,£49.03
The Glass Castle,the-glass-castle_496/index.html,£16.24
The Faith of Christopher ...,the-faith-of-christopher-hitchens-the-restless-soul-of-the-worlds-most-notorious-atheist_495/index.html,£39.55
The Drowning Girls,the-drowning-girls_494/index.html,£35.67
The Constant Princess (The ...,the-constant-princess-the-tudor-court-1_493/index.html,£16.62
The Bourne Identity (Jason ...,the-bourne-identity-jason-bourne-1_492/index.html,£42.78
The Bachelor Girl's Guide ...,the-bachelor-girls-guide-to-murder-herringford-and-watts-mysteries-1_491/index.html,£52.30
The Art Book,the-art-book_490/index.html,£32.34
The 7 Habits of ...,the-7-habits-of-highly-effective-people-powerful-lessons-in-personal-change_489/index.html,£33.17
Team of Rivals: The ...,team-of-rivals-the-political-genius-of-abraham-lincoln_488/index.html,£20.12
Steal Like an Artist: ...,steal-like-an-artist-10-things-nobody-told-you-about-being-creative_487/index.html,£20.90
"Sit, Stay, Love",sit-stay-love_486/index.html,£20.90
Sister Dear,sister-dear_485/index.html,£40.20
"Shrunken Treasures: Literary Classics, ...",shrunken-treasures-literary-classics-short-sweet-and-silly_484/index.html,£52.87
"Rich Dad, Poor Dad",rich-dad-poor-dad_483/index.html,£51.74
Raymie Nightingale,raymie-nightingale_482/index.html,£34.41
Playing from the Heart,playing-from-the-heart_481/index.html,£32.38
Nightstruck: A Novel,nightstruck-a-novel_480/index.html,£50.35
Naturally Lean: 125 Nourishing ...,naturally-lean-125-nourishing-gluten-free-plant-based-recipes-all-under-300-calories_479/index.html,£11.38
Meternity,meternity_478/index.html,£43.58
Memoirs of a Geisha,memoirs-of-a-geisha_477/index.html,£49.67
Like Never Before (Walker ...,like-never-before-walker-family-2_476/index.html,£28.77
Life of Pi,life-of-pi_475/index.html,£13.22
Leave This Song Behind: ...,leave-this-song-behind-teen-poetry-at-its-best_474/index.html,£51.17
King's Folly (The Kinsman ...,kings-folly-the-kinsman-chronicles-1_473/index.html,£39.61
John Adams,john-adams_472/index.html,£57.43
How to Cook Everything ...,how-to-cook-everything-vegetarian-simple-meatless-recipes-for-great-food-how-to-cook-everything_471/index.html,£46.01
How to Be a ...,how-to-be-a-domestic-goddess-baking-and-the-art-of-comfort-cooking_470/index.html,£28.25
Good in Bed (Cannie ...,good-in-bed-cannie-shapiro-1_469/index.html,£37.05
"Fruits Basket, Vol. 7 ...",fruits-basket-vol-7-fruits-basket-7_468/index.html,£19.57
For the Love: Fighting ...,for-the-love-fighting-for-grace-in-a-world-of-impossible-standards_467/index.html,£45.13
Finding God in the ...,finding-god-in-the-ruins-how-god-redeems-pain_466/index.html,£46.64
Every Heart a Doorway ...,every-heart-a-doorway-every-heart-a-doorway-1_465/index.html,£12.16
Delivering the Truth (Quaker ...,delivering-the-truth-quaker-midwife-mystery-1_464/index.html,£20.89
Counted With the Stars ...,counted-with-the-stars-out-from-egypt-1_463/index.html,£17.97
"Chronicles, Vol. 1",chronicles-vol-1_462/index.html,£52.60
Blue Like Jazz: Nonreligious ...,blue-like-jazz-nonreligious-thoughts-on-christian-spirituality_461/index.html,£25.77
Benjamin Franklin: An American ...,benjamin-franklin-an-american-life_460/index.html,£48.19
At The Existentialist Café: ...,at-the-existentialist-cafe-freedom-being-and-apricot-cocktails-with-jean-paul-sartre-simone-de-beauvoir-albert-camus-martin-heidegger-edmund-husserl-karl-jaspers-maurice-merleau-ponty-and-others_459/index.html,£29.93
A Summer In Europe,a-summer-in-europe_458/index.html,£44.34
A Short History of ...,a-short-history-of-nearly-everything_457/index.html,£52.40
A Gathering of Shadows ...,a-gathering-of-shadows-shades-of-magic-2_456/index.html,£44.81
The Sound Of Love,the-sound-of-love_455/index.html,£57.84
The Rise and Fall ...,the-rise-and-fall-of-the-third-reich-a-history-of-nazi-germany_454/index.html,£39.67
The Perks of Being ...,the-perks-of-being-a-wallflower_453/index.html,£55.02
The Mysterious Affair at ...,the-mysterious-affair-at-styles-hercule-poirot-1_452/index.html,£24.80
The Man Who Mistook ...,the-man-who-mistook-his-wife-for-a-hat-and-other-clinical-tales_451/index.html,£59.45
The Makings of a ...,the-makings-of-a-fatherless-child_450/index.html,£31.58
The Joy of Cooking,the-joy-of-cooking_449/index.html,£43.27
The Invention of Wings,the-invention-of-wings_448/index.html,£37.34
The Hobbit (Middle-Earth Universe),the-hobbit-middle-earth-universe_447/index.html,£17.80
The Great Railway Bazaar,the-great-railway-bazaar_446/index.html,£30.54
The Golden Compass (His ...,the-golden-compass-his-dark-materials-1_445/index.html,£18.77
The God Delusion,the-god-delusion_444/index.html,£46.85
The Girl You Left ...,the-girl-you-left-behind-the-girl-you-left-behind-1_443/index.html,£15.79
The Fellowship of the ...,the-fellowship-of-the-ring-the-lord-of-the-rings-1_442/index.html,£10.27
The Collected Poems of ...,the-collected-poems-of-wb-yeats-the-collected-works-of-wb-yeats-1_441/index.html,£15.42
The Barefoot Contessa Cookbook,the-barefoot-contessa-cookbook_440/index.html,£59.92
Tell the Wolves I'm ...,tell-the-wolves-im-home_439/index.html,£50.96
Ship Leaves Harbor: Essays ...,ship-leaves-harbor-essays-on-travel-by-a-recovering-journeyman_438/index.html,£30.60
Pride and Prejudice,pride-and-prejudice_437/index.html,£19.27
Musicophilia: Tales of Music ...,musicophilia-tales-of-music-and-the-brain_436/index.html,£46.58
Mere Christianity,mere-christianity_435/index.html,£48.51
Me Before You (Me ...,me-before-you-me-before-you-1_434/index.html,£19.02
In the Woods (Dublin ...,in-the-woods-dublin-murder-squad-1_433/index.html,£38.38
In Cold Blood,in-cold-blood_432/index.html,£49.98
How to Stop Worrying ...,how-to-stop-worrying-and-start-living_431/index.html,£46.49
Give It Back,give-it-back_430/index.html,£18.32
"Girl, Interrupted",girl-interrupted_429/index.html,£42.14
Fun Home: A Family ...,fun-home-a-family-tragicomic_428/index.html,£56.59
"Fruits Basket, Vol. 6 ...",fruits-basket-vol-6-fruits-basket-6_427/index.html,£20.96
Deception Point,deception-point_426/index.html,£40.32
"Death Note, Vol. 6: ...",death-note-vol-6-give-and-take-death-note-6_425/index.html,£36.39
Catherine the Great: Portrait ...,catherine-the-great-portrait-of-a-woman_424/index.html,£58.55
Better Homes and Gardens ...,better-homes-and-gardens-new-cook-book_423/index.html,£39.61
An Unquiet Mind: A ...,an-unquiet-mind-a-memoir-of-moods-and-madness_422/index.html,£21.30
A Year in Provence ...,a-year-in-provence-provence-1_421/index.html,£56.88
World Without End (The ...,world-without-end-the-pillars-of-the-earth-2_420/index.html,£32.97
"Will Grayson, Will Grayson ...",will-grayson-will-grayson-will-grayson-will-grayson_419/index.html,£47.31
Why Save the Bankers?: ...,why-save-the-bankers-and-other-essays-on-our-economic-and-political-crisis_418/index.html,£48.67
Where She Went (If ...,where-she-went-if-i-stay-2_417/index.html,£41.73
What If?: Serious Scientific ...,what-if-serious-scientific-answers-to-absurd-hypothetical-questions_416/index.html,£53.68
Two Summers,two-summers_415/index.html,£14.64
This Is Your Brain ...,this-is-your-brain-on-music-the-science-of-a-human-obsession_414/index.html,£38.40
The Secret Garden,the-secret-garden_413/index.html,£15.08
The Raven King (The ...,the-raven-king-the-raven-cycle-4_412/index.html,£30.57
The Raven Boys (The ...,the-raven-boys-the-raven-cycle-1_411/index.html,£57.74
The Power Greens Cookbook: ...,the-power-greens-cookbook-140-delicious-superfood-recipes_410/index.html,£11.05
The Metamorphosis,the-metamorphosis_409/index.html,£28.58
The Mathews Men: Seven ...,the-mathews-men-seven-brothers-and-the-war-against-hitlers-u-boats_408/index.html,£42.91
The Little Paris Bookshop,the-little-paris-bookshop_407/index.html,£24.73
The Hiding Place,the-hiding-place_406/index.html,£55.91
The Grand Design,the-grand-design_405/index.html,£13.76
The Firm,the-firm_404/index.html,£45.56
The Fault in Our ...,the-fault-in-our-stars_403/index.html,£47.22
The False Prince (The ...,the-false-prince-the-ascendance-trilogy-1_402/index.html,£56.00
The Expatriates,the-expatriates_401/index.html,£44.58
The Dream Thieves (The ...,the-dream-thieves-the-raven-cycle-2_400/index.html,£34.50
The Darkest Corners,the-darkest-corners_399/index.html,£11.33
The Crossover,the-crossover_398/index.html,£38.77
The 5th Wave (The ...,the-5th-wave-the-5th-wave-1_397/index.html,£11.83
Tell the Wind and ...,tell-the-wind-and-fire_396/index.html,£45.51
Tell Me Three Things,tell-me-three-things_395/index.html,£41.81
Talking to Girls About ...,talking-to-girls-about-duran-duran-one-young-mans-quest-for-true-love-and-a-cooler-haircut_394/index.html,£25.15
Siddhartha,siddhartha_393/index.html,£34.22
Shiver (The Wolves of ...,shiver-the-wolves-of-mercy-falls-1_392/index.html,£16.23
Remember Me?,remember-me_391/index.html,£11.48
Red Dragon (Hannibal Lecter ...,red-dragon-hannibal-lecter-1_390/index.html,£23.37
Peak: Secrets from the ...,peak-secrets-from-the-new-science-of-expertise_389/index.html,£16.28
My Mother Was Nuts,my-mother-was-nuts_388/index.html,£31.63
Mexican Today: New and ...,mexican-today-new-and-rediscovered-recipes-for-contemporary-kitchens_387/index.html,£24.91
Maybe Something Beautiful: How ...,maybe-something-beautiful-how-art-transformed-a-neighborhood_386/index.html,£22.54
Lola and the Boy ...,lola-and-the-boy-next-door-anna-and-the-french-kiss-2_385/index.html,£23.63
Logan Kade (Fallen Crest ...,logan-kade-fallen-crest-high-55_384/index.html,£13.12
Last One Home (New ...,last-one-home-new-beginnings-1_383/index.html,£59.98
Killing Floor (Jack Reacher ...,killing-floor-jack-reacher-1_382/index.html,£31.49
Kill the Boy Band,kill-the-boy-band_381/index.html,£15.52
Isla and the Happily ...,isla-and-the-happily-ever-after-anna-and-the-french-kiss-3_380/index.html,£48.13
If I Stay (If ...,if-i-stay-if-i-stay-1_379/index.html,£38.13
I Know Why the ...,i-know-why-the-caged-bird-sings-maya-angelous-autobiography-1_378/index.html,£36.55
Harry Potter and the ...,harry-potter-and-the-deathly-hallows-harry-potter-7_377/index.html,£23.32
"Fruits Basket, Vol. 5 ...",fruits-basket-vol-5-fruits-basket-5_376/index.html,£16.33
Foundation (Foundation (Publication Order) ...,foundation-foundation-publication-order-1_375/index.html,£32.42
Fool Me Once,fool-me-once_374/index.html,£16.96
Find Her (Detective D.D. ...,find-her-detective-dd-warren-8_373/index.html,£22.37
Evicted: Poverty and Profit ...,evicted-poverty-and-profit-in-the-american-city_372/index.html,£42.27
Drama,drama_371/index.html,£38.70
Dracula the Un-Dead,dracula-the-un-dead_370/index.html,£35.63
Digital Fortress,digital-fortress_369/index.html,£58.00
"Death Note, Vol. 5: ...",death-note-vol-5-whiteout-death-note-5_368/index.html,£52.41
"Data, A Love Story: ...",data-a-love-story-how-i-gamed-online-dating-to-meet-my-match_367/index.html,£32.35
Critique of Pure Reason,critique-of-pure-reason_366/index.html,£20.75
Booked,booked_365/index.html,£17.49
"Blue Lily, Lily Blue ...",blue-lily-lily-blue-the-raven-cycle-3_364/index.html,£34.13
Approval Junkie: Adventures in ...,approval-junkie-adventures-in-caring-too-much_363/index.html,£58.81
An Abundance of Katherines,an-abundance-of-katherines_362/index.html,£10.00
America's War for the ...,americas-war-for-the-greater-middle-east-a-military-history_361/index.html,£51.22
Alight (The Generations Trilogy ...,alight-the-generations-trilogy-2_360/index.html,£58.59
A Girl's Guide to ...,a-girls-guide-to-moving-on-new-beginnings-2_359/index.html,£31.30
A Game of Thrones ...,a-game-of-thrones-a-song-of-ice-and-fire-1_358/index.html,£46.42
A Feast for Crows ...,a-feast-for-crows-a-song-of-ice-and-fire-4_357/index.html,£17.21
A Clash of Kings ...,a-clash-of-kings-a-song-of-ice-and-fire-2_356/index.html,£10.79
Vogue Colors A to ...,vogue-colors-a-to-z-a-fashion-coloring-book_355/index.html,£52.35
The Shining (The Shining ...,the-shining-the-shining-1_354/index.html,£27.88
The Pilgrim's Progress,the-pilgrims-progress_353/index.html,£50.26
The Perfect Play (Play ...,the-perfect-play-play-by-play-1_352/index.html,£59.99
The Passion of Dolssa,the-passion-of-dolssa_351/index.html,£28.32
The Jazz of Physics: ...,the-jazz-of-physics-the-secret-link-between-music-and-the-structure-of-the-universe_350/index.html,£38.71
The Hunger Games (The ...,the-hunger-games-the-hunger-games-1_349/index.html,£29.85
The Hound of the ...,the-hound-of-the-baskervilles-sherlock-holmes-5_348/index.html,£14.82
The Gunning of America: ...,the-gunning-of-america-business-and-the-making-of-american-gun-culture_347/index.html,£16.81
The Geography of Bliss: ...,the-geography-of-bliss-one-grumps-search-for-the-happiest-places-in-the-world_346/index.html,£28.23
The Demonists (Demonist #1),the-demonists-demonist-1_345/index.html,£52.11
The Demon Prince of ...,the-demon-prince-of-momochi-house-vol-4-the-demon-prince-of-momochi-house-4_344/index.html,£27.88
The Bone Hunters (Lexy ...,the-bone-hunters-lexy-vaughan-steven-macaulay-2_343/index.html,£59.71
The Beast (Black Dagger ...,the-beast-black-dagger-brotherhood-14_342/index.html,£46.08
Some Women,some-women_341/index.html,£13.73
Shopaholic Ties the Knot ...,shopaholic-ties-the-knot-shopaholic-3_340/index.html,£48.39
Paper and Fire (The ...,paper-and-fire-the-great-library-2_339/index.html,£49.45
Outlander (Outlander #1),outlander-outlander-1_338/index.html,£19.67
Orchestra of Exiles: The ...,orchestra-of-exiles-the-story-of-bronislaw-huberman-the-israel-philharmonic-and-the-one-thousand-jews-he-saved-from-nazi-horrors_337/index.html,£12.36
No One Here Gets ...,no-one-here-gets-out-alive_336/index.html,£20.02
Night Shift (Night Shift ...,night-shift-night-shift-1-20_335/index.html,£12.75
Needful Things,needful-things_334/index.html,£47.51
Mockingjay (The Hunger Games ...,mockingjay-the-hunger-games-3_333/index.html,£20.44
Misery,misery_332/index.html,£34.79
Little Women (Little Women ...,little-women-little-women-1_331/index.html,£28.07
It,it_330/index.html,£25.01
Harry Potter and the ...,harry-potter-and-the-sorcerers-stone-harry-potter-1_329/index.html,£13.90
Harry Potter and the ...,harry-potter-and-the-prisoner-of-azkaban-harry-potter-3_328/index.html,£24.17
Harry Potter and the ...,harry-potter-and-the-order-of-the-phoenix-harry-potter-5_327/index.html,£31.63
Harry Potter and the ...,harry-potter-and-the-half-blood-prince-harry-potter-6_326/index.html,£48.75
Harry Potter and the ...,harry-potter-and-the-chamber-of-secrets-harry-potter-2_325/index.html,£14.74
Gone with the Wind,gone-with-the-wind_324/index.html,£32.49
God Is Not Great: ...,god-is-not-great-how-religion-poisons-everything_323/index.html,£27.80
Girl With a Pearl ...,girl-with-a-pearl-earring_322/index.html,£26.77
"Fruits Basket, Vol. 4 ...",fruits-basket-vol-4-fruits-basket-4_321/index.html,£50.44
Far From True (Promise ...,far-from-true-promise-falls-trilogy-2_320/index.html,£34.93
Dark Lover (Black Dagger ...,dark-lover-black-dagger-brotherhood-1_319/index.html,£12.87
Confessions of a Shopaholic ...,confessions-of-a-shopaholic-shopaholic-1_318/index.html,£48.94
Changing the Game (Play ...,changing-the-game-play-by-play-2_317/index.html,£13.38
Candide,candide_316/index.html,£58.63
Can You Keep a ...,can-you-keep-a-secret_315/index.html,£21.94
Atlas Shrugged,atlas-shrugged_314/index.html,£26.58
Animal Farm,animal-farm_313/index.html,£57.22
A Walk to Remember,a-walk-to-remember_312/index.html,£56.43
A New Earth: Awakening ...,a-new-earth-awakening-to-your-lifes-purpose_311/index.html,£55.65
A History of God: ...,a-history-of-god-the-4000-year-quest-of-judaism-christianity-and-islam_310/index.html,£27.62
'Salem's Lot,salems-lot_309/index.html,£49.56
Zero History (Blue Ant ...,zero-history-blue-ant-3_308/index.html,£34.77
Wuthering Heights,wuthering-heights_307/index.html,£17.73
World War Z: An ...,world-war-z-an-oral-history-of-the-zombie-war_306/index.html,£21.80
Wild: From Lost to ...,wild-from-lost-to-found-on-the-pacific-crest-trail_305/index.html,£46.02
"Where'd You Go, Bernadette",whered-you-go-bernadette_304/index.html,£18.13
When You Are Engulfed ...,when-you-are-engulfed-in-flames_303/index.html,£30.89
We the People: The ...,we-the-people-the-modern-day-figures-who-have-reshaped-and-affirmed-the-founding-fathers-vision-of-america_302/index.html,£31.95
We Are All Completely ...,we-are-all-completely-beside-ourselves_301/index.html,£24.04
Walk the Edge (Thunder ...,walk-the-edge-thunder-road-2_300/index.html,£32.36
Voyager (Outlander #3),voyager-outlander-3_299/index.html,£21.07
Very Good Lives: The ...,very-good-lives-the-fringe-benefits-of-failure-and-the-importance-of-imagination_298/index.html,£50.66
Vegan Vegetarian Omnivore: Dinner ...,vegan-vegetarian-omnivore-dinner-for-everyone-at-the-table_297/index.html,£13.66
"Unstuffed: Decluttering Your Home, ...",unstuffed-decluttering-your-home-mind-and-soul_296/index.html,£58.09
Under the Banner of ...,under-the-banner-of-heaven-a-story-of-violent-faith_295/index.html,£30.00
Two Boys Kissing,two-boys-kissing_294/index.html,£32.74
Twilight (Twilight #1),twilight-twilight-1_293/index.html,£41.93
Twenties Girl,twenties-girl_292/index.html,£42.80
Trespassing Across America: One ...,trespassing-across-america-one-mans-epic-never-done-before-and-sort-of-illegal-hike-across-the-heartland_291/index.html,£53.51
Three-Martini Lunch,three-martini-lunch_290/index.html,£23.21
"Thinking, Fast and Slow",thinking-fast-and-slow_289/index.html,£21.14
The Wild Robot,the-wild-robot_288/index.html,£56.07
The Wicked + The ...,the-wicked-the-divine-vol-3-commercial-suicide-the-wicked-the-divine_287/index.html,£14.41
The Undomestic Goddess,the-undomestic-goddess_286/index.html,£45.75
The Travelers,the-travelers_285/index.html,£15.77
The Tipping Point: How ...,the-tipping-point-how-little-things-can-make-a-big-difference_284/index.html,£10.02
The Thing About Jellyfish,the-thing-about-jellyfish_283/index.html,£48.77
The Stand,the-stand_282/index.html,£57.86
The Smitten Kitchen Cookbook,the-smitten-kitchen-cookbook_281/index.html,£23.59
The Silkworm (Cormoran Strike ...,the-silkworm-cormoran-strike-2_280/index.html,£23.05
"The Sandman, Vol. 3: ...",the-sandman-vol-3-dream-country-the-sandman-volumes-3_279/index.html,£55.55
The Rose & the ...,the-rose-the-dagger-the-wrath-and-the-dawn-2_278/index.html,£58.64
The Road to Little ...,the-road-to-little-dribbling-adventures-of-an-american-in-britain-notes-from-a-small-island-2_277/index.html,£23.21
The Rise of Theodore ...,the-rise-of-theodore-roosevelt-theodore-roosevelt-1_276/index.html,£42.57
The Restaurant at the ...,the-restaurant-at-the-end-of-the-universe-hitchhikers-guide-to-the-galaxy-2_275/index.html,£10.92
The Rest Is Noise: ...,the-rest-is-noise-listening-to-the-twentieth-century_274/index.html,£34.77
The Red Tent,the-red-tent_273/index.html,£35.66
The Purpose Driven Life: ...,the-purpose-driven-life-what-on-earth-am-i-here-for_272/index.html,£37.19
The Purest Hook (Second ...,the-purest-hook-second-circle-tattoos-3_271/index.html,£12.25
The Picture of Dorian ...,the-picture-of-dorian-gray_270/index.html,£29.70
The Paris Wife,the-paris-wife_269/index.html,£36.80
The Obsession,the-obsession_268/index.html,£45.43
The Nightingale,the-nightingale_267/index.html,£26.26
The New Guy (and ...,the-new-guy-and-other-senior-year-distractions_266/index.html,£44.92
The Nanny Diaries (Nanny ...,the-nanny-diaries-nanny-1_265/index.html,£52.53
The Name of God ...,the-name-of-god-is-mercy_264/index.html,£37.25
The Maze Runner (The ...,the-maze-runner-the-maze-runner-1_263/index.html,£20.93
The Lover's Dictionary,the-lovers-dictionary_262/index.html,£58.09
The Lonely Ones,the-lonely-ones_261/index.html,£43.59
The Lean Startup: How ...,the-lean-startup-how-todays-entrepreneurs-use-continuous-innovation-to-create-radically-successful-businesses_260/index.html,£33.92
The Last Painting of ...,the-last-painting-of-sara-de-vos_259/index.html,£55.55
"The Land of 10,000 ...",the-land-of-10000-madonnas_258/index.html,£29.64
The Infinities,the-infinities_257/index.html,£27.41
The Husband's Secret,the-husbands-secret_256/index.html,£52.51
The Hitchhiker's Guide to ...,the-hitchhikers-guide-to-the-galaxy-hitchhikers-guide-to-the-galaxy-1_255/index.html,£47.80
The Guns of August,the-guns-of-august_254/index.html,£14.54
The Guernsey Literary and ...,the-guernsey-literary-and-potato-peel-pie-society_253/index.html,£49.53
The Goldfinch,the-goldfinch_252/index.html,£43.58
The Giver (The Giver ...,the-giver-the-giver-quartet-1_251/index.html,£12.30
The Girl with All ...,the-girl-with-all-the-gifts_250/index.html,£49.47
The Girl Who Played ...,the-girl-who-played-with-fire-millennium-trilogy-2_249/index.html,£22.14
The Girl Who Kicked ...,the-girl-who-kicked-the-hornets-nest-millennium-trilogy-3_248/index.html,£57.48
The Exiled,the-exiled_247/index.html,£43.45
The End of Faith: ...,the-end-of-faith-religion-terror-and-the-future-of-reason_246/index.html,£22.13
"The Elegant Universe: Superstrings, ...",the-elegant-universe-superstrings-hidden-dimensions-and-the-quest-for-the-ultimate-theory_245/index.html,£13.03
The Disappearing Spoon: And ...,the-disappearing-spoon-and-other-true-tales-of-madness-love-and-the-history-of-the-world-from-the-periodic-table-of-the-elements_244/index.html,£57.35
The Devil Wears Prada ...,the-devil-wears-prada-the-devil-wears-prada-1_243/index.html,£44.29
The Demon-Haunted World: Science ...,the-demon-haunted-world-science-as-a-candle-in-the-dark_242/index.html,£52.25
The Day the Crayons ...,the-day-the-crayons-came-home-crayons_241/index.html,£26.33
The Da Vinci Code ...,the-da-vinci-code-robert-langdon-2_240/index.html,£22.96
The Cuckoo's Calling (Cormoran ...,the-cuckoos-calling-cormoran-strike-1_239/index.html,£19.21
The Complete Stories and ...,the-complete-stories-and-poems-the-works-of-edgar-allan-poe-cameo-edition_238/index.html,£26.78
The Complete Poems,the-complete-poems_237/index.html,£41.32
The Catcher in the ...,the-catcher-in-the-rye_236/index.html,£24.55
The Cat in the ...,the-cat-in-the-hat-beginner-books-b-1_235/index.html,£16.26
The Case for Christ ...,the-case-for-christ-cases-for-christianity_234/index.html,£47.84
The Book Thief,the-book-thief_233/index.html,£53.49
The Book of Basketball: ...,the-book-of-basketball-the-nba-according-to-the-sports-guy_232/index.html,£44.84
The Blind Side: Evolution ...,the-blind-side-evolution-of-a-game_231/index.html,£53.71
The Autobiography of Malcolm ...,the-autobiography-of-malcolm-x_230/index.html,£23.43
The Art of Simple ...,the-art-of-simple-food-notes-lessons-and-recipes-from-a-delicious-revolution_229/index.html,£34.32
The Art of Fielding,the-art-of-fielding_228/index.html,£22.10
"Surely You're Joking, Mr. ...",surely-youre-joking-mr-feynman-adventures-of-a-curious-character_227/index.html,£25.83
Stiff: The Curious Lives ...,stiff-the-curious-lives-of-human-cadavers_226/index.html,£36.74
Spilled Milk: Based on ...,spilled-milk-based-on-a-true-story_225/index.html,£49.51
Something Borrowed (Darcy & ...,something-borrowed-darcy-rachel-1_224/index.html,£48.96
Something Blue (Darcy & ...,something-blue-darcy-rachel-2_223/index.html,£54.62
Soldier (Talon #3),soldier-talon-3_222/index.html,£24.72
Shopaholic & Baby (Shopaholic ...,shopaholic-baby-shopaholic-5_221/index.html,£46.45
Seven Days in the ...,seven-days-in-the-art-world_220/index.html,£52.33
Seven Brief Lessons on ...,seven-brief-lessons-on-physics_219/index.html,£30.60
Scarlet (The Lunar Chronicles ...,scarlet-the-lunar-chronicles-2_218/index.html,£14.57
Sarah's Key,sarahs-key_217/index.html,£46.29
"Saga, Volume 3 (Saga ...",saga-volume-3-saga-collected-editions-3_216/index.html,£21.57
Running with Scissors,running-with-scissors_215/index.html,£12.91
Rogue Lawyer (Rogue Lawyer ...,rogue-lawyer-rogue-lawyer-1_214/index.html,£50.11
Rise of the Rocket ...,rise-of-the-rocket-girls-the-women-who-propelled-us-from-missiles-to-the-moon-to-mars_213/index.html,£41.67
Rework,rework_212/index.html,£44.88
Reservations for Two,reservations-for-two_211/index.html,£11.10
Red: The True Story ...,red-the-true-story-of-red-riding-hood_210/index.html,£28.54
Ready Player One,ready-player-one_209/index.html,£19.07
Quiet: The Power of ...,quiet-the-power-of-introverts-in-a-world-that-cant-stop-talking_208/index.html,£43.55
Prodigy: The Graphic Novel ...,prodigy-the-graphic-novel-legend-the-graphic-novel-2_207/index.html,£43.63
Persepolis: The Story of ...,persepolis-the-story-of-a-childhood-persepolis-1-2_206/index.html,£39.13
Packing for Mars: The ...,packing-for-mars-the-curious-science-of-life-in-the-void_205/index.html,£56.68
Outliers: The Story of ...,outliers-the-story-of-success_204/index.html,£14.16
Original Fake,original-fake_203/index.html,£31.45
Orange Is the New ...,orange-is-the-new-black_202/index.html,£24.61
One for the Money ...,one-for-the-money-stephanie-plum-1_201/index.html,£32.87
Notes from a Small ...,notes-from-a-small-island-notes-from-a-small-island-1_200/index.html,£40.17
Night (The Night Trilogy ...,night-the-night-trilogy-1_199/index.html,£13.51
Neither Here nor There: ...,neither-here-nor-there-travels-in-europe_198/index.html,£38.95
Naked,naked_197/index.html,£31.69
Morning Star (Red Rising ...,morning-star-red-rising-3_196/index.html,£29.40
Miracles from Heaven: A ...,miracles-from-heaven-a-little-girl-her-journey-to-heaven-and-her-amazing-story-of-healing_195/index.html,£57.83
Midnight Riot (Peter Grant/ ...,midnight-riot-peter-grant-rivers-of-london-books-1_194/index.html,£55.46
Me Talk Pretty One ...,me-talk-pretty-one-day_193/index.html,£57.60
Manuscript Found in Accra,manuscript-found-in-accra_192/index.html,£34.98
Lust & Wonder,lust-wonder_191/index.html,£11.87
Lila (Gilead #3),lila-gilead-3_190/index.html,£12.47
"Life, the Universe and ...",life-the-universe-and-everything-hitchhikers-guide-to-the-galaxy-3_189/index.html,£33.26
Life Without a Recipe,life-without-a-recipe_188/index.html,£59.04
Life After Life,life-after-life_187/index.html,£26.13
Letter to a Christian ...,letter-to-a-christian-nation_186/index.html,£22.20
Let's Pretend This Never ...,lets-pretend-this-never-happened-a-mostly-true-memoir_185/index.html,£45.11
Legend (Legend #1),legend-legend-1_184/index.html,£43.69
"Lean In: Women, Work, ...",lean-in-women-work-and-the-will-to-lead_183/index.html,£25.02
Lamb: The Gospel According ...,lamb-the-gospel-according-to-biff-christs-childhood-pal_182/index.html,£55.50
Lady Renegades (Rebel Belle ...,lady-renegades-rebel-belle-3_181/index.html,£53.04
Jurassic Park (Jurassic Park ...,jurassic-park-jurassic-park-1_180/index.html,£44.97
It's Never Too Late ...,its-never-too-late-to-begin-again-discovering-creativity-and-meaning-at-midlife-and-beyond_179/index.html,£42.38
Is Everyone Hanging Out ...,is-everyone-hanging-out-without-me-and-other-concerns_178/index.html,£20.11
Into the Wild,into-the-wild_177/index.html,£56.70
Inferno (Robert Langdon #4),inferno-robert-langdon-4_176/index.html,£41.00
In the Garden of ...,in-the-garden-of-beasts-love-terror-and-an-american-family-in-hitlers-berlin_175/index.html,£28.85
If I Run (If ...,if-i-run-if-i-run-1_174/index.html,£49.97
I've Got Your Number,ive-got-your-number_173/index.html,£19.69
I Am Malala: The ...,i-am-malala-the-girl-who-stood-up-for-education-and-was-shot-by-the-taliban_172/index.html,£28.88
Hungry Girl Clean & ...,hungry-girl-clean-hungry-easy-all-natural-recipes-for-healthy-eating-in-the-real-world_171/index.html,£33.14
House of Lost Worlds: ...,house-of-lost-worlds-dinosaurs-dynasties-and-the-story-of-life-on-earth_170/index.html,£43.70
House of Leaves,house-of-leaves_169/index.html,£54.89
Horrible Bear!,horrible-bear_168/index.html,£37.52
Holidays on Ice,holidays-on-ice_167/index.html,£51.07
Heir to the Sky,heir-to-the-sky_166/index.html,£44.07
Green Eggs and Ham ...,green-eggs-and-ham-beginner-books-b-16_165/index.html,£10.79
"Grayson, Vol 3: Nemesis ...",grayson-vol-3-nemesis-grayson-3_164/index.html,£42.72
Gratitude,gratitude_163/index.html,£26.66
Gone Girl,gone-girl_162/index.html,£37.60
Golden (Heart of Dread ...,golden-heart-of-dread-3_161/index.html,£42.21
Girl in the Blue ...,girl-in-the-blue-coat_160/index.html,£46.83
"Fruits Basket, Vol. 3 ...",fruits-basket-vol-3-fruits-basket-3_159/index.html,£45.17
Friday Night Lights: A ...,friday-night-lights-a-town-a-team-and-a-dream_158/index.html,£51.22
Fire Bound (Sea Haven/Sisters ...,fire-bound-sea-havensisters-of-the-heart-5_157/index.html,£21.28
Fifty Shades Freed (Fifty ...,fifty-shades-freed-fifty-shades-3_156/index.html,£15.36
Fellside,fellside_155/index.html,£38.62
Extreme Prey (Lucas Davenport ...,extreme-prey-lucas-davenport-26_154/index.html,£25.40
Eragon (The Inheritance Cycle ...,eragon-the-inheritance-cycle-1_153/index.html,£43.87
Eclipse (Twilight #3),eclipse-twilight-3_152/index.html,£18.74
Dune (Dune #1),dune-dune-1_151/index.html,£54.86
Dracula,dracula_150/index.html,£52.62
Do Androids Dream of ...,do-androids-dream-of-electric-sheep-blade-runner-1_149/index.html,£51.48
Disrupted: My Misadventure in ...,disrupted-my-misadventure-in-the-start-up-bubble_148/index.html,£15.28
Dead Wake: The Last ...,dead-wake-the-last-crossing-of-the-lusitania_147/index.html,£39.24
"David and Goliath: Underdogs, ...",david-and-goliath-underdogs-misfits-and-the-art-of-battling-giants_146/index.html,£17.81
Darkfever (Fever #1),darkfever-fever-1_145/index.html,£56.02
Dark Places,dark-places_144/index.html,£23.90
Crazy Rich Asians (Crazy ...,crazy-rich-asians-crazy-rich-asians-1_143/index.html,£49.13
Counting Thyme,counting-thyme_142/index.html,£10.62
Cosmos,cosmos_141/index.html,£36.17
Civilization and Its Discontents,civilization-and-its-discontents_140/index.html,£59.95
Cinder (The Lunar Chronicles ...,cinder-the-lunar-chronicles-1_139/index.html,£26.09
Catastrophic Happiness: Finding Joy ...,catastrophic-happiness-finding-joy-in-childhoods-messy-years_138/index.html,£37.35
Career of Evil (Cormoran ...,career-of-evil-cormoran-strike-3_137/index.html,£24.72
Breaking Dawn (Twilight #4),breaking-dawn-twilight-4_136/index.html,£35.28
Brave Enough,brave-enough_135/index.html,£51.32
Boy Meets Boy,boy-meets-boy_134/index.html,£21.12
Born to Run: A ...,born-to-run-a-hidden-tribe-superathletes-and-the-greatest-race-the-world-has-never-seen_133/index.html,£27.35
Blink: The Power of ...,blink-the-power-of-thinking-without-thinking_132/index.html,£21.74
Black Flags: The Rise ...,black-flags-the-rise-of-isis_131/index.html,£40.87
"Black Butler, Vol. 1 ...",black-butler-vol-1-black-butler-1_130/index.html,£49.31
Big Little Lies,big-little-lies_129/index.html,£22.11
Between Shades of Gray,between-shades-of-gray_128/index.html,£20.79
Best of My Love ...,best-of-my-love-fools-gold-20_127/index.html,£27.41
Beowulf,beowulf_126/index.html,£38.35
Beautiful Creatures (Caster Chronicles ...,beautiful-creatures-caster-chronicles-1_125/index.html,£21.55
Awkward,awkward_124/index.html,£38.02
Ash,ash_123/index.html,£22.06
Are We There Yet?,are-we-there-yet_122/index.html,£10.66
Are We Smart Enough ...,are-we-smart-enough-to-know-how-smart-animals-are_121/index.html,£56.58
Annie on My Mind,annie-on-my-mind_120/index.html,£36.83
And Then There Were ...,and-then-there-were-none_119/index.html,£35.01
A Walk in the ...,a-walk-in-the-woods-rediscovering-america-on-the-appalachian-trail_118/index.html,£30.48
A Visit from the ...,a-visit-from-the-goon-squad_117/index.html,£14.08
A Storm of Swords ...,a-storm-of-swords-a-song-of-ice-and-fire-3_116/index.html,£31.22
A Heartbreaking Work of ...,a-heartbreaking-work-of-staggering-genius_115/index.html,£54.29
8 Keys to Mental ...,8-keys-to-mental-health-through-exercise_114/index.html,£31.04
#GIRLBOSS,girlboss_113/index.html,£50.96
The Suffragettes (Little Black ...,the-suffragettes-little-black-classics-96_112/index.html,£11.89
The Sense of an ...,the-sense-of-an-ending_111/index.html,£31.38
"The Sandman, Vol. 2: ...",the-sandman-vol-2-the-dolls-house-the-sandman-volumes-2_110/index.html,£54.81
The Course of Love,the-course-of-love_109/index.html,£16.78
Sugar Rush (Offensive Line ...,sugar-rush-offensive-line-2_108/index.html,£24.42
"Saga, Volume 2 (Saga ...",saga-volume-2-saga-collected-editions-2_107/index.html,£11.75
"Run, Spot, Run: The ...",run-spot-run-the-ethics-of-keeping-pets_106/index.html,£20.02
New Moon (Twilight #2),new-moon-twilight-2_105/index.html,£12.86
Life,life_104/index.html,£31.58
Kindle Paperwhite User's Guide,kindle-paperwhite-users-guide_103/index.html,£34.00
H is for Hawk,h-is-for-hawk_102/index.html,£57.42
Girl Online On Tour ...,girl-online-on-tour-girl-online-2_101/index.html,£53.47
"Fruits Basket, Vol. 2 ...",fruits-basket-vol-2-fruits-basket-2_100/index.html,£11.64
Diary of a Minecraft ...,diary-of-a-minecraft-zombie-book-1-a-scare-of-a-dare-an-unofficial-minecraft-book_99/index.html,£52.88
"Y: The Last Man, ...",y-the-last-man-vol-1-unmanned-y-the-last-man-1_98/index.html,£18.51
While You Were Mine,while-you-were-mine_97/index.html,£41.32
Where Lightning Strikes (Bleeding ...,where-lightning-strikes-bleeding-stars-3_96/index.html,£39.77
When I'm Gone,when-im-gone_95/index.html,£51.96
Ways of Seeing,ways-of-seeing_94/index.html,£39.51
"Vampire Knight, Vol. 1 ...",vampire-knight-vol-1-vampire-knight-1_93/index.html,£15.40
Vampire Girl (Vampire Girl ...,vampire-girl-vampire-girl-1_92/index.html,£53.82
Twenty Love Poems and ...,twenty-love-poems-and-a-song-of-despair_91/index.html,£30.95
Travels with Charley: In ...,travels-with-charley-in-search-of-america_90/index.html,£57.82
Three Wishes (River of ...,three-wishes-river-of-time-california-1_89/index.html,£44.18
This One Moment (Pushing ...,this-one-moment-pushing-limits-1_88/index.html,£48.71
The Zombie Room,the-zombie-room_87/index.html,£19.69
The Wicked + The ...,the-wicked-the-divine-vol-1-the-faust-act-the-wicked-the-divine_86/index.html,£36.52
The Tumor,the-tumor_85/index.html,£41.56
The Story of Hong ...,the-story-of-hong-gildong_84/index.html,£43.19
The Silent Wife,the-silent-wife_83/index.html,£12.34
The Silent Twin (Detective ...,the-silent-twin-detective-jennifer-knight-3_82/index.html,£36.25
The Selfish Gene,the-selfish-gene_81/index.html,£29.45
The Secret Healer,the-secret-healer_80/index.html,£34.56
"The Sandman, Vol. 1: ...",the-sandman-vol-1-preludes-and-nocturnes-the-sandman-volumes-1_79/index.html,£54.12
The Republic,the-republic_78/index.html,£33.78
The Odyssey,the-odyssey_77/index.html,£29.64
The No. 1 Ladies' ...,the-no-1-ladies-detective-agency-no-1-ladies-detective-agency-1_76/index.html,£57.70
The Nicomachean Ethics,the-nicomachean-ethics_75/index.html,£36.34
The Name of the ...,the-name-of-the-wind-the-kingkiller-chronicle-1_74/index.html,£50.59
The Mirror & the ...,the-mirror-the-maze-the-wrath-and-the-dawn-15_73/index.html,£29.38
The Little Prince,the-little-prince_72/index.html,£45.42
The Light of the ...,the-light-of-the-fireflies_71/index.html,£54.43
The Last Girl (The ...,the-last-girl-the-dominion-trilogy-1_70/index.html,£36.26
The Iliad,the-iliad_69/index.html,£16.16
The Hook Up (Game ...,the-hook-up-game-on-1_68/index.html,£36.29
The Haters,the-haters_67/index.html,£27.89
The Girl You Lost,the-girl-you-lost_66/index.html,£12.29
The Girl In The ...,the-girl-in-the-ice-dci-erika-foster-1_65/index.html,£15.85
The End of the ...,the-end-of-the-jesus-era-an-investigation-1_64/index.html,£14.40
The Edge of Reason ...,the-edge-of-reason-bridget-jones-2_63/index.html,£19.18
The Complete Maus (Maus ...,the-complete-maus-maus-1-2_62/index.html,£10.64
The Communist Manifesto,the-communist-manifesto_61/index.html,£14.76
The Bhagavad Gita,the-bhagavad-gita_60/index.html,£57.49
The Bette Davis Club,the-bette-davis-club_59/index.html,£30.66
The Art of Not ...,the-art-of-not-breathing_58/index.html,£40.83
Taking Shots (Assassins #1),taking-shots-assassins-1_57/index.html,£18.88
Starlark,starlark_56/index.html,£25.83
"Skip Beat!, Vol. 01 ...",skip-beat-vol-01-skip-beat-1_55/index.html,£42.12
Sister Sable (The Mad ...,sister-sable-the-mad-queen-1_54/index.html,£13.33
Shatter Me (Shatter Me ...,shatter-me-shatter-me-1_53/index.html,£42.40
Shameless,shameless_52/index.html,£58.35
Shadow Rites (Jane Yellowrock ...,shadow-rites-jane-yellowrock-10_51/index.html,£21.72
Settling the Score (The ...,settling-the-score-the-summer-games-1_50/index.html,£44.91
Sense and Sensibility,sense-and-sensibility_49/index.html,£37.46
"Saga, Volume 1 (Saga ...",saga-volume-1-saga-collected-editions-1_48/index.html,£28.48
"Rhythm, Chord & Malykhin",rhythm-chord-malykhin_47/index.html,£28.34
"Rat Queens, Vol. 1: ...",rat-queens-vol-1-sass-sorcery-rat-queens-collected-editions-1-5_46/index.html,£46.96
Paradise Lost (Paradise #1),paradise-lost-paradise-1_45/index.html,£24.96
"Paper Girls, Vol. 1 ...",paper-girls-vol-1-paper-girls-1-5_44/index.html,£21.71
Ouran High School Host ...,ouran-high-school-host-club-vol-1-ouran-high-school-host-club-1_43/index.html,£29.87
Origins (Alphas 0.5),origins-alphas-05_42/index.html,£28.99
One Second (Seven #7),one-second-seven-7_41/index.html,£52.94
On the Road (Duluoz ...,on-the-road-duluoz-legend_40/index.html,£32.36
Old Records Never Die: ...,old-records-never-die-one-mans-quest-for-his-vinyl-and-his-past_39/index.html,£55.66
Off Sides (Off #1),off-sides-off-1_38/index.html,£39.45
Of Mice and Men,of-mice-and-men_37/index.html,£47.11
Myriad (Prentor #1),myriad-prentor-1_36/index.html,£58.75
My Perfect Mistake (Over ...,my-perfect-mistake-over-the-top-1_35/index.html,£38.92
"Ms. Marvel, Vol. 1: ...",ms-marvel-vol-1-no-normal-ms-marvel-2014-2015-1_34/index.html,£39.39
Meditations,meditations_33/index.html,£25.89
Matilda,matilda_32/index.html,£28.34
Lost Among the Living,lost-among-the-living_31/index.html,£27.70
Lord of the Flies,lord-of-the-flies_30/index.html,£24.89
Listen to Me (Fusion ...,listen-to-me-fusion-1_29/index.html,£58.99
Kitchens of the Great ...,kitchens-of-the-great-midwest_28/index.html,£57.20
Jane Eyre,jane-eyre_27/index.html,£38.43
Imperfect Harmony,imperfect-harmony_26/index.html,£34.74
Icing (Aces Hockey #2),icing-aces-hockey-2_25/index.html,£40.44
"Hawkeye, Vol. 1: My ...",hawkeye-vol-1-my-life-as-a-weapon-hawkeye-1_24/index.html,£45.24
Having the Barbarian's Baby ...,having-the-barbarians-baby-ice-planet-barbarians-75_23/index.html,£34.96
"Giant Days, Vol. 1 ...",giant-days-vol-1-giant-days-1-4_22/index.html,£56.76
"Fruits Basket, Vol. 1 ...",fruits-basket-vol-1-fruits-basket-1_21/index.html,£40.28
Frankenstein,frankenstein_20/index.html,£38.00
Forever Rockers (The Rocker ...,forever-rockers-the-rocker-12_19/index.html,£28.80
Fighting Fate (Fighting #6),fighting-fate-fighting-6_18/index.html,£39.24
Emma,emma_17/index.html,£32.93
"Eat, Pray, Love",eat-pray-love_16/index.html,£51.32
Deep Under (Walker Security ...,deep-under-walker-security-1_15/index.html,£47.09
Choosing Our Religion: The ...,choosing-our-religion-the-spiritual-lives-of-americas-nones_14/index.html,£28.42
Charlie and the Chocolate ...,charlie-and-the-chocolate-factory-charlie-bucket-1_13/index.html,£22.85
Charity's Cross (Charles Towne ...,charitys-cross-charles-towne-belles-4_12/index.html,£41.24
Bright Lines,bright-lines_11/index.html,£39.07
Bridget Jones's Diary (Bridget ...,bridget-joness-diary-bridget-jones-1_10/index.html,£29.82
Bounty (Colorado Mountain #7),bounty-colorado-mountain-7_9/index.html,£37.26
Blood Defense (Samantha Brinkman ...,blood-defense-samantha-brinkman-1_8/index.html,£20.30
"Bleach, Vol. 1: Strawberry ...",bleach-vol-1-strawberry-and-the-soul-reapers-bleach-1_7/index.html,£34.65
Beyond Good and Evil,beyond-good-and-evil_6/index.html,£43.38
Alice in Wonderland (Alice's ...,alice-in-wonderland-alices-adventures-in-wonderland-1_5/index.html,£55.53
"Ajin: Demi-Human, Volume 1 ...",ajin-demi-human-volume-1-ajin-demi-human-1_4/index.html,£57.06
A Spy's Devotion (The ...,a-spys-devotion-the-regency-spies-of-london-1_3/index.html,£16.97
1st to Die (Women's ...,1st-to-die-womens-murder-club-1_2/index.html,£53.98
"1,000 Places to See ...",1000-places-to-see-before-you-die_1/index.html,£26.08
